{
  "horizons": [
    "3d",
    "7d",
    "30d"
  ],
  "feature_names": [
    "dim1_indicators_score",
    "dim1_indicators_confidence",
    "dim1_indicators_weighted",
    "dim2_candlestick_score",
    "dim2_candlestick_confidence",
    "dim2_candlestick_weighted",
    "dim3_elliott_score",
    "dim3_elliott_confidence",
    "dim3_elliott_weighted",
    "dim4_classical_score",
    "dim4_classical_confidence",
    "dim4_classical_weighted"
  ],
  "weights": {
    "3d": {
      "horizon": "3d",
      "weights": {
        "dim1_indicators_score": 0.25968436154949787,
        "dim1_indicators_confidence": 0.17647058823529413,
        "dim1_indicators_weighted": 0.14777618364418937,
        "dim2_candlestick_score": 0.02582496413199426,
        "dim2_candlestick_confidence": 0.028694404591104734,
        "dim2_candlestick_weighted": 0.0028694404591104736,
        "dim3_elliott_score": 0.024390243902439025,
        "dim3_elliott_confidence": 0.1908177905308465,
        "dim3_elliott_weighted": 0.035868005738880916,
        "dim4_classical_score": 0.014347202295552367,
        "dim4_classical_confidence": 0.09325681492109039,
        "dim4_classical_weighted": 0.0
      },
      "metrics": {
        "r2_train": 0.48602819044963474,
        "r2_test": 0.2527671313975932,
        "mae_train": 0.025076223650758133,
        "mae_test": 0.033593548078222436
      },
      "confidence": 0.5530933397219632
    },
    "7d": {
      "horizon": "7d",
      "weights": {
        "dim1_indicators_score": 0.19285714285714287,
        "dim1_indicators_confidence": 0.22428571428571428,
        "dim1_indicators_weighted": 0.09142857142857143,
        "dim2_candlestick_score": 0.014285714285714285,
        "dim2_candlestick_confidence": 0.018571428571428572,
        "dim2_candlestick_weighted": 0.0,
        "dim3_elliott_score": 0.03,
        "dim3_elliott_confidence": 0.2057142857142857,
        "dim3_elliott_weighted": 0.06714285714285714,
        "dim4_classical_score": 0.03,
        "dim4_classical_confidence": 0.12142857142857143,
        "dim4_classical_weighted": 0.004285714285714286
      },
      "metrics": {
        "r2_train": 0.683707191773623,
        "r2_test": 0.5220947129068552,
        "mae_train": 0.032041344523155484,
        "mae_test": 0.03999808148943236
      },
      "confidence": 0.8800057555317029
    },
    "30d": {
      "horizon": "30d",
      "weights": {
        "dim1_indicators_score": 0.15728715728715728,
        "dim1_indicators_confidence": 0.23088023088023088,
        "dim1_indicators_weighted": 0.12121212121212122,
        "dim2_candlestick_score": 0.002886002886002886,
        "dim2_candlestick_confidence": 0.005772005772005772,
        "dim2_candlestick_weighted": 0.002886002886002886,
        "dim3_elliott_score": 0.03896103896103896,
        "dim3_elliott_confidence": 0.23665223665223664,
        "dim3_elliott_weighted": 0.08658008658008658,
        "dim4_classical_score": 0.020202020202020204,
        "dim4_classical_confidence": 0.07936507936507936,
        "dim4_classical_weighted": 0.017316017316017316
      },
      "metrics": {
        "r2_train": 0.8465733753223936,
        "r2_test": 0.7775782371227947,
        "mae_train": 0.06702450738289022,
        "mae_test": 0.08461255657302201
      },
      "confidence": 0.7461623302809339
    }
  }
}