{
  "horizons": [
    "3d",
    "7d",
    "30d"
  ],
  "feature_names": [
    "dim1_indicators_score",
    "dim1_indicators_confidence",
    "dim1_indicators_weighted",
    "dim2_candlestick_score",
    "dim2_candlestick_confidence",
    "dim2_candlestick_weighted",
    "dim3_elliott_score",
    "dim3_elliott_confidence",
    "dim3_elliott_weighted",
    "dim4_classical_score",
    "dim4_classical_confidence",
    "dim4_classical_weighted"
  ],
  "weights": {
    "3d": {
      "horizon": "3d",
      "weights": {
        "dim1_indicators_score": 0.23756906077348067,
        "dim1_indicators_confidence": 0.26519337016574585,
        "dim1_indicators_weighted": 0.1781767955801105,
        "dim2_candlestick_score": 0.004143646408839779,
        "dim2_candlestick_confidence": 0.020718232044198894,
        "dim2_candlestick_weighted": 0.008287292817679558,
        "dim3_elliott_score": 0.016574585635359115,
        "dim3_elliott_confidence": 0.09116022099447514,
        "dim3_elliott_weighted": 0.0055248618784530384,
        "dim4_classical_score": 0.011049723756906077,
        "dim4_classical_confidence": 0.12430939226519337,
        "dim4_classical_weighted": 0.03729281767955801
      },
      "metrics": {
        "r2_train": 0.47371995189636584,
        "r2_test": 0.04176400446251127,
        "mae_train": 0.0258002673737188,
        "mae_test": 0.03613758155550159
      },
      "confidence": 0.250056861581011
    },
    "7d": {
      "horizon": "7d",
      "weights": {
        "dim1_indicators_score": 0.18982118294360384,
        "dim1_indicators_confidence": 0.1746905089408528,
        "dim1_indicators_weighted": 0.171939477303989,
        "dim2_candlestick_score": 0.011004126547455296,
        "dim2_candlestick_confidence": 0.02888583218707015,
        "dim2_candlestick_weighted": 0.0,
        "dim3_elliott_score": 0.002751031636863824,
        "dim3_elliott_confidence": 0.24621733149931224,
        "dim3_elliott_weighted": 0.023383768913342505,
        "dim4_classical_score": 0.027510316368638238,
        "dim4_classical_confidence": 0.09628610729023383,
        "dim4_classical_weighted": 0.027510316368638238
      },
      "metrics": {
        "r2_train": 0.5660039020688168,
        "r2_test": 0.3858080923632775,
        "mae_train": 0.04011364731073018,
        "mae_test": 0.04713434708628375
      },
      "confidence": 0.6987282880497372
    },
    "30d": {
      "horizon": "30d",
      "weights": {
        "dim1_indicators_score": 0.1978319783197832,
        "dim1_indicators_confidence": 0.12330623306233063,
        "dim1_indicators_weighted": 0.17073170731707318,
        "dim2_candlestick_score": 0.008130081300813009,
        "dim2_candlestick_confidence": 0.016260162601626018,
        "dim2_candlestick_weighted": 0.005420054200542005,
        "dim3_elliott_score": 0.009485094850948509,
        "dim3_elliott_confidence": 0.32926829268292684,
        "dim3_elliott_weighted": 0.032520325203252036,
        "dim4_classical_score": 0.013550135501355014,
        "dim4_classical_confidence": 0.08536585365853659,
        "dim4_classical_weighted": 0.008130081300813009
      },
      "metrics": {
        "r2_train": 0.7940727962238119,
        "r2_test": 0.6108426803661268,
        "mae_train": 0.06379802299056248,
        "mae_test": 0.08797431467106273
      },
      "confidence": 0.7360770559868117
    }
  }
}