{
  "horizons": [
    "3d",
    "7d",
    "30d"
  ],
  "feature_names": [
    "dim1_indicators_score",
    "dim1_indicators_confidence",
    "dim1_indicators_weighted",
    "dim2_candlestick_score",
    "dim2_candlestick_confidence",
    "dim2_candlestick_weighted",
    "dim3_elliott_score",
    "dim3_elliott_confidence",
    "dim3_elliott_weighted",
    "dim4_classical_score",
    "dim4_classical_confidence",
    "dim4_classical_weighted"
  ],
  "weights": {
    "3d": {
      "horizon": "3d",
      "weights": {
        "dim1_indicators_score": 0.21879194630872484,
        "dim1_indicators_confidence": 0.24026845637583893,
        "dim1_indicators_weighted": 0.2040268456375839,
        "dim2_candlestick_score": 0.022818791946308724,
        "dim2_candlestick_confidence": 0.032214765100671144,
        "dim2_candlestick_weighted": 0.004026845637583893,
        "dim3_elliott_score": 0.052348993288590606,
        "dim3_elliott_confidence": 0.06442953020134229,
        "dim3_elliott_weighted": 0.021476510067114093,
        "dim4_classical_score": 0.06442953020134229,
        "dim4_classical_confidence": 0.06040268456375839,
        "dim4_classical_weighted": 0.01476510067114094
      },
      "metrics": {
        "r2_train": 0.7807492476357304,
        "r2_test": 0.5836168331411193,
        "mae_train": 0.016305727990440274,
        "mae_test": 0.02206428749472119
      },
      "confidence": 0.9338071375158363
    },
    "7d": {
      "horizon": "7d",
      "weights": {
        "dim1_indicators_score": 0.23994638069705093,
        "dim1_indicators_confidence": 0.26005361930294907,
        "dim1_indicators_weighted": 0.2064343163538874,
        "dim2_candlestick_score": 0.002680965147453083,
        "dim2_candlestick_confidence": 0.03351206434316354,
        "dim2_candlestick_weighted": 0.0013404825737265416,
        "dim3_elliott_score": 0.04423592493297587,
        "dim3_elliott_confidence": 0.04691689008042895,
        "dim3_elliott_weighted": 0.029490616621983913,
        "dim4_classical_score": 0.012064343163538873,
        "dim4_classical_confidence": 0.1126005361930295,
        "dim4_classical_weighted": 0.010723860589812333
      },
      "metrics": {
        "r2_train": 0.8884281429153037,
        "r2_test": 0.822315120714214,
        "mae_train": 0.01846262180478396,
        "mae_test": 0.025424456274627263
      },
      "confidence": 0.9237266311761182
    },
    "30d": {
      "horizon": "30d",
      "weights": {
        "dim1_indicators_score": 0.13229018492176386,
        "dim1_indicators_confidence": 0.25177809388335703,
        "dim1_indicators_weighted": 0.1891891891891892,
        "dim2_candlestick_score": 0.012802275960170697,
        "dim2_candlestick_confidence": 0.015647226173541962,
        "dim2_candlestick_weighted": 0.004267425320056899,
        "dim3_elliott_score": 0.11522048364153627,
        "dim3_elliott_confidence": 0.12802275960170698,
        "dim3_elliott_weighted": 0.01422475106685633,
        "dim4_classical_score": 0.021337126600284494,
        "dim4_classical_confidence": 0.07396870554765292,
        "dim4_classical_weighted": 0.041251778093883355
      },
      "metrics": {
        "r2_train": 0.8454523708759717,
        "r2_test": 0.7883302744411622,
        "mae_train": 0.06201518962064328,
        "mae_test": 0.07857175729507902
      },
      "confidence": 0.7642847281147629
    }
  }
}