{
  "horizons": [
    "3d",
    "7d",
    "30d"
  ],
  "feature_names": [
    "dim1_indicators_score",
    "dim1_indicators_confidence",
    "dim1_indicators_weighted",
    "dim2_candlestick_score",
    "dim2_candlestick_confidence",
    "dim2_candlestick_weighted",
    "dim3_elliott_score",
    "dim3_elliott_confidence",
    "dim3_elliott_weighted",
    "dim4_classical_score",
    "dim4_classical_confidence",
    "dim4_classical_weighted"
  ],
  "weights": {
    "3d": {
      "horizon": "3d",
      "weights": {
        "dim1_indicators_score": 0.17220543806646527,
        "dim1_indicators_confidence": 0.29154078549848944,
        "dim1_indicators_weighted": 0.1268882175226586,
        "dim2_candlestick_score": 0.0,
        "dim2_candlestick_confidence": 0.028700906344410877,
        "dim2_candlestick_weighted": 0.0,
        "dim3_elliott_score": 0.01661631419939577,
        "dim3_elliott_confidence": 0.09969788519637462,
        "dim3_elliott_weighted": 0.08610271903323263,
        "dim4_classical_score": 0.03323262839879154,
        "dim4_classical_confidence": 0.11178247734138973,
        "dim4_classical_weighted": 0.03323262839879154
      },
      "metrics": {
        "r2_train": 0.5120670468556809,
        "r2_test": 0.164086412399985,
        "mae_train": 0.025133468782574973,
        "mae_test": 0.03489823727847602
      },
      "confidence": 0.4250262655245509
    },
    "7d": {
      "horizon": "7d",
      "weights": {
        "dim1_indicators_score": 0.21068702290076335,
        "dim1_indicators_confidence": 0.28091603053435116,
        "dim1_indicators_weighted": 0.11603053435114503,
        "dim2_candlestick_score": 0.004580152671755725,
        "dim2_candlestick_confidence": 0.010687022900763359,
        "dim2_candlestick_weighted": 0.0015267175572519084,
        "dim3_elliott_score": 0.03816793893129771,
        "dim3_elliott_confidence": 0.1267175572519084,
        "dim3_elliott_weighted": 0.08549618320610687,
        "dim4_classical_score": 0.007633587786259542,
        "dim4_classical_confidence": 0.09770992366412214,
        "dim4_classical_weighted": 0.01984732824427481
      },
      "metrics": {
        "r2_train": 0.6178645027577883,
        "r2_test": 0.31990965270854,
        "mae_train": 0.0360612085831707,
        "mae_test": 0.05289840563465709
      },
      "confidence": 0.5891782968879846
    },
    "30d": {
      "horizon": "30d",
      "weights": {
        "dim1_indicators_score": 0.12367021276595745,
        "dim1_indicators_confidence": 0.24867021276595744,
        "dim1_indicators_weighted": 0.12632978723404256,
        "dim2_candlestick_score": 0.006648936170212766,
        "dim2_candlestick_confidence": 0.010638297872340425,
        "dim2_candlestick_weighted": 0.0026595744680851063,
        "dim3_elliott_score": 0.010638297872340425,
        "dim3_elliott_confidence": 0.22872340425531915,
        "dim3_elliott_weighted": 0.11303191489361702,
        "dim4_classical_score": 0.0598404255319149,
        "dim4_classical_confidence": 0.06382978723404255,
        "dim4_classical_weighted": 0.005319148936170213
      },
      "metrics": {
        "r2_train": 0.8272810262273573,
        "r2_test": 0.7361124896207374,
        "mae_train": 0.05372106207435573,
        "mae_test": 0.07209989748461842
      },
      "confidence": 0.7837003075461447
    }
  }
}