{
  "horizons": [
    "3d",
    "7d",
    "30d"
  ],
  "feature_names": [
    "dim1_indicators_score",
    "dim1_indicators_confidence",
    "dim1_indicators_weighted",
    "dim2_candlestick_score",
    "dim2_candlestick_confidence",
    "dim2_candlestick_weighted",
    "dim3_elliott_score",
    "dim3_elliott_confidence",
    "dim3_elliott_weighted",
    "dim4_classical_score",
    "dim4_classical_confidence",
    "dim4_classical_weighted"
  ],
  "weights": {
    "3d": {
      "horizon": "3d",
      "weights": {
        "dim1_indicators_score": 0.1717877094972067,
        "dim1_indicators_confidence": 0.2541899441340782,
        "dim1_indicators_weighted": 0.11731843575418995,
        "dim2_candlestick_score": 0.0111731843575419,
        "dim2_candlestick_confidence": 0.04189944134078212,
        "dim2_candlestick_weighted": 0.002793296089385475,
        "dim3_elliott_score": 0.0824022346368715,
        "dim3_elliott_confidence": 0.07541899441340782,
        "dim3_elliott_weighted": 0.0935754189944134,
        "dim4_classical_score": 0.01675977653631285,
        "dim4_classical_confidence": 0.10893854748603352,
        "dim4_classical_weighted": 0.023743016759776536
      },
      "metrics": {
        "r2_train": 0.5622893999275369,
        "r2_test": 0.12572395430423644,
        "mae_train": 0.02750599037817936,
        "mae_test": 0.033450096521964845
      },
      "confidence": 0.37566324646003646
    },
    "7d": {
      "horizon": "7d",
      "weights": {
        "dim1_indicators_score": 0.22589531680440772,
        "dim1_indicators_confidence": 0.19008264462809918,
        "dim1_indicators_weighted": 0.13360881542699724,
        "dim2_candlestick_score": 0.004132231404958678,
        "dim2_candlestick_confidence": 0.004132231404958678,
        "dim2_candlestick_weighted": 0.0027548209366391185,
        "dim3_elliott_score": 0.0881542699724518,
        "dim3_elliott_confidence": 0.07851239669421488,
        "dim3_elliott_weighted": 0.10192837465564739,
        "dim4_classical_score": 0.06473829201101929,
        "dim4_classical_confidence": 0.09090909090909091,
        "dim4_classical_weighted": 0.015151515151515152
      },
      "metrics": {
        "r2_train": 0.6682109215589245,
        "r2_test": 0.4620463213894327,
        "mae_train": 0.03811727068305738,
        "mae_test": 0.054637648393421105
      },
      "confidence": 0.7829519047649425
    },
    "30d": {
      "horizon": "30d",
      "weights": {
        "dim1_indicators_score": 0.1836734693877551,
        "dim1_indicators_confidence": 0.2423469387755102,
        "dim1_indicators_weighted": 0.10586734693877552,
        "dim2_candlestick_score": 0.002551020408163265,
        "dim2_candlestick_confidence": 0.039540816326530615,
        "dim2_candlestick_weighted": 0.0,
        "dim3_elliott_score": 0.10714285714285714,
        "dim3_elliott_confidence": 0.09566326530612244,
        "dim3_elliott_weighted": 0.12244897959183673,
        "dim4_classical_score": 0.030612244897959183,
        "dim4_classical_confidence": 0.06760204081632654,
        "dim4_classical_weighted": 0.002551020408163265
      },
      "metrics": {
        "r2_train": 0.8186198015400984,
        "r2_test": 0.7258757094349304,
        "mae_train": 0.06444510443648045,
        "mae_test": 0.08980548529810263
      },
      "confidence": 0.730583544105692
    }
  }
}