{
  "horizons": [
    "3d",
    "7d",
    "30d"
  ],
  "feature_names": [
    "sma_signal",
    "sma_confidence",
    "sma_weighted",
    "ema_signal",
    "ema_confidence",
    "ema_weighted",
    "wma_signal",
    "wma_confidence",
    "wma_weighted",
    "dema_signal",
    "dema_confidence",
    "dema_weighted",
    "tema_signal",
    "tema_confidence",
    "tema_weighted",
    "macd_signal",
    "macd_confidence",
    "macd_weighted",
    "adx_signal",
    "adx_confidence",
    "adx_weighted"
  ],
  "weights": {
    "3d": {
      "horizon": "3d",
      "weights": {
        "sma_signal": 0.025396825396825397,
        "sma_confidence": 0.0761904761904762,
        "sma_weighted": 0.08412698412698413,
        "ema_signal": 0.03015873015873016,
        "ema_confidence": 0.07301587301587302,
        "ema_weighted": 0.10317460317460317,
        "wma_signal": 0.023809523809523808,
        "wma_confidence": 0.0,
        "wma_weighted": 0.014285714285714285,
        "dema_signal": 0.047619047619047616,
        "dema_confidence": 0.0,
        "dema_weighted": 0.025396825396825397,
        "tema_signal": 0.0746031746031746,
        "tema_confidence": 0.0,
        "tema_weighted": 0.012698412698412698,
        "macd_signal": 0.05238095238095238,
        "macd_confidence": 0.05238095238095238,
        "macd_weighted": 0.06031746031746032,
        "adx_signal": 0.0031746031746031746,
        "adx_confidence": 0.18095238095238095,
        "adx_weighted": 0.06031746031746032
      },
      "metrics": {
        "r2_train": 0.32499048994141144,
        "r2_test": 0.09138217264790915,
        "mae_train": 0.026145576598181126,
        "mae_test": 0.03558190075229625
      },
      "confidence": 0.321189339450184
    },
    "7d": {
      "horizon": "7d",
      "weights": {
        "sma_signal": 0.010385756676557863,
        "sma_confidence": 0.1261127596439169,
        "sma_weighted": 0.04154302670623145,
        "ema_signal": 0.028189910979228485,
        "ema_confidence": 0.07566765578635015,
        "ema_weighted": 0.02967359050445104,
        "wma_signal": 0.040059347181008904,
        "wma_confidence": 0.0,
        "wma_weighted": 0.025222551928783383,
        "dema_signal": 0.06379821958456973,
        "dema_confidence": 0.0,
        "dema_weighted": 0.017804154302670624,
        "tema_signal": 0.1142433234421365,
        "tema_confidence": 0.0,
        "tema_weighted": 0.00741839762611276,
        "macd_signal": 0.05934718100890208,
        "macd_confidence": 0.03857566765578635,
        "macd_weighted": 0.07418397626112759,
        "adx_signal": 0.008902077151335312,
        "adx_confidence": 0.1824925816023739,
        "adx_weighted": 0.05637982195845697
      },
      "metrics": {
        "r2_train": 0.38534039969434397,
        "r2_test": 0.19682506770998387,
        "mae_train": 0.03527233679929517,
        "mae_test": 0.043275364347306326
      },
      "confidence": 0.44572900175205843
    },
    "30d": {
      "horizon": "30d",
      "weights": {
        "sma_signal": 0.004347826086956522,
        "sma_confidence": 0.10434782608695652,
        "sma_weighted": 0.06811594202898551,
        "ema_signal": 0.06521739130434782,
        "ema_confidence": 0.06521739130434782,
        "ema_weighted": 0.06666666666666667,
        "wma_signal": 0.010144927536231883,
        "wma_confidence": 0.0,
        "wma_weighted": 0.010144927536231883,
        "dema_signal": 0.08695652173913043,
        "dema_confidence": 0.0,
        "dema_weighted": 0.028985507246376812,
        "tema_signal": 0.10434782608695652,
        "tema_confidence": 0.0,
        "tema_weighted": 0.008695652173913044,
        "macd_signal": 0.04782608695652174,
        "macd_confidence": 0.0014492753623188406,
        "macd_weighted": 0.05217391304347826,
        "adx_signal": 0.030434782608695653,
        "adx_confidence": 0.18405797101449275,
        "adx_weighted": 0.06086956521739131
      },
      "metrics": {
        "r2_train": 0.5334069681371016,
        "r2_test": 0.27099435073051137,
        "mae_train": 0.07343015986954103,
        "mae_test": 0.09993864402623881
      },
      "confidence": 0.37957615894399943
    }
  }
}