{
  "horizons": [
    "3d",
    "7d",
    "30d"
  ],
  "feature_names": [
    "sma_signal",
    "sma_confidence",
    "sma_weighted",
    "ema_signal",
    "ema_confidence",
    "ema_weighted",
    "wma_signal",
    "wma_confidence",
    "wma_weighted",
    "dema_signal",
    "dema_confidence",
    "dema_weighted",
    "tema_signal",
    "tema_confidence",
    "tema_weighted",
    "macd_signal",
    "macd_confidence",
    "macd_weighted",
    "adx_signal",
    "adx_confidence",
    "adx_weighted"
  ],
  "weights": {
    "3d": {
      "horizon": "3d",
      "weights": {
        "sma_signal": 0.008415147265077139,
        "sma_confidence": 0.1388499298737728,
        "sma_weighted": 0.15427769985974754,
        "ema_signal": 0.011220196353436185,
        "ema_confidence": 0.07713884992987377,
        "ema_weighted": 0.05049088359046283,
        "wma_signal": 0.05329593267882188,
        "wma_confidence": 0.0,
        "wma_weighted": 0.014025245441795231,
        "dema_signal": 0.029453015427769985,
        "dema_confidence": 0.0,
        "dema_weighted": 0.0070126227208976155,
        "tema_signal": 0.0967741935483871,
        "tema_confidence": 0.0,
        "tema_weighted": 0.0182328190743338,
        "macd_signal": 0.06451612903225806,
        "macd_confidence": 0.0,
        "macd_weighted": 0.06451612903225806,
        "adx_signal": 0.025245441795231416,
        "adx_confidence": 0.08976157082748948,
        "adx_weighted": 0.0967741935483871
      },
      "metrics": {
        "r2_train": 0.5463655521777961,
        "r2_test": 0.08162571714703304,
        "mae_train": 0.024423869284158232,
        "mae_test": 0.036409456413229985
      },
      "confidence": 0.30504763476615626
    },
    "7d": {
      "horizon": "7d",
      "weights": {
        "sma_signal": 0.011126564673157162,
        "sma_confidence": 0.09735744089012517,
        "sma_weighted": 0.0584144645340751,
        "ema_signal": 0.03337969401947149,
        "ema_confidence": 0.08484005563282336,
        "ema_weighted": 0.06258692628650904,
        "wma_signal": 0.01808066759388039,
        "wma_confidence": 0.0,
        "wma_weighted": 0.005563282336578581,
        "dema_signal": 0.09874826147426982,
        "dema_confidence": 0.0,
        "dema_weighted": 0.012517385257301807,
        "tema_signal": 0.13351877607788595,
        "tema_confidence": 0.0,
        "tema_weighted": 0.02364394993045897,
        "macd_signal": 0.06397774687065369,
        "macd_confidence": 0.0,
        "macd_weighted": 0.07510431154381085,
        "adx_signal": 0.006954102920723227,
        "adx_confidence": 0.10570236439499305,
        "adx_weighted": 0.10848400556328233
      },
      "metrics": {
        "r2_train": 0.5645678897333257,
        "r2_test": 0.37464831156431333,
        "mae_train": 0.03925973342855865,
        "mae_test": 0.045976733414794774
      },
      "confidence": 0.6865774359456542
    },
    "30d": {
      "horizon": "30d",
      "weights": {
        "sma_signal": 0.016172506738544475,
        "sma_confidence": 0.11590296495956873,
        "sma_weighted": 0.04851752021563342,
        "ema_signal": 0.01078167115902965,
        "ema_confidence": 0.07277628032345014,
        "ema_weighted": 0.07277628032345014,
        "wma_signal": 0.04851752021563342,
        "wma_confidence": 0.0,
        "wma_weighted": 0.012129380053908356,
        "dema_signal": 0.029649595687331536,
        "dema_confidence": 0.0,
        "dema_weighted": 0.008086253369272238,
        "tema_signal": 0.14285714285714285,
        "tema_confidence": 0.0,
        "tema_weighted": 0.026954177897574125,
        "macd_signal": 0.08086253369272237,
        "macd_confidence": 0.0,
        "macd_weighted": 0.0673854447439353,
        "adx_signal": 0.02830188679245283,
        "adx_confidence": 0.1307277628032345,
        "adx_weighted": 0.0876010781671159
      },
      "metrics": {
        "r2_train": 0.6157120019045718,
        "r2_test": 0.35325017086137267,
        "mae_train": 0.08976975291577473,
        "mae_test": 0.12215723924886747
      },
      "confidence": 0.4945502392059217
    }
  }
}