{
  "horizons": [
    "3d",
    "7d",
    "30d"
  ],
  "feature_names": [
    "sma_signal",
    "sma_confidence",
    "sma_weighted",
    "ema_signal",
    "ema_confidence",
    "ema_weighted",
    "wma_signal",
    "wma_confidence",
    "wma_weighted",
    "dema_signal",
    "dema_confidence",
    "dema_weighted",
    "tema_signal",
    "tema_confidence",
    "tema_weighted",
    "macd_signal",
    "macd_confidence",
    "macd_weighted",
    "adx_signal",
    "adx_confidence",
    "adx_weighted"
  ],
  "weights": {
    "3d": {
      "horizon": "3d",
      "weights": {
        "sma_signal": 0.021437578814627996,
        "sma_confidence": 0.03530895334174023,
        "sma_weighted": 0.031525851197982346,
        "ema_signal": 0.05674653215636822,
        "ema_confidence": 0.07061790668348046,
        "ema_weighted": 0.07440100882723834,
        "wma_signal": 0.0807061790668348,
        "wma_confidence": 0.0,
        "wma_weighted": 0.012610340479192938,
        "dema_signal": 0.06809583858764187,
        "dema_confidence": 0.0,
        "dema_weighted": 0.012610340479192938,
        "tema_signal": 0.08827238335435057,
        "tema_confidence": 0.0,
        "tema_weighted": 0.021437578814627996,
        "macd_signal": 0.044136191677175286,
        "macd_confidence": 0.0,
        "macd_weighted": 0.03026481715006305,
        "adx_signal": 0.0201765447667087,
        "adx_confidence": 0.2080706179066835,
        "adx_weighted": 0.1235813366960908
      },
      "metrics": {
        "r2_train": 0.5331625711620069,
        "r2_test": 0.017009875584714007,
        "mae_train": 0.028013116941955334,
        "mae_test": 0.034315868809952854
      },
      "confidence": 0.22086621938874104
    },
    "7d": {
      "horizon": "7d",
      "weights": {
        "sma_signal": 0.010899182561307902,
        "sma_confidence": 0.05449591280653951,
        "sma_weighted": 0.15258855585831063,
        "ema_signal": 0.04904632152588556,
        "ema_confidence": 0.04087193460490463,
        "ema_weighted": 0.12806539509536785,
        "wma_signal": 0.06403269754768393,
        "wma_confidence": 0.0,
        "wma_weighted": 0.009536784741144414,
        "dema_signal": 0.04087193460490463,
        "dema_confidence": 0.0,
        "dema_weighted": 0.01634877384196185,
        "tema_signal": 0.12942779291553133,
        "tema_confidence": 0.0,
        "tema_weighted": 0.02316076294277929,
        "macd_signal": 0.013623978201634877,
        "macd_confidence": 0.0,
        "macd_weighted": 0.01634877384196185,
        "adx_signal": 0.0326975476839237,
        "adx_confidence": 0.1226158038147139,
        "adx_weighted": 0.09536784741144415
      },
      "metrics": {
        "r2_train": 0.5692413968957353,
        "r2_test": 0.3473899307532493,
        "mae_train": 0.043493450928093765,
        "mae_test": 0.05981531870230769
      },
      "confidence": 0.606899946947626
    },
    "30d": {
      "horizon": "30d",
      "weights": {
        "sma_signal": 0.011936339522546418,
        "sma_confidence": 0.03580901856763926,
        "sma_weighted": 0.04509283819628647,
        "ema_signal": 0.026525198938992044,
        "ema_confidence": 0.05172413793103448,
        "ema_weighted": 0.1220159151193634,
        "wma_signal": 0.042440318302387266,
        "wma_confidence": 0.0,
        "wma_weighted": 0.010610079575596816,
        "dema_signal": 0.08885941644562334,
        "dema_confidence": 0.0,
        "dema_weighted": 0.01856763925729443,
        "tema_signal": 0.09549071618037135,
        "tema_confidence": 0.0,
        "tema_weighted": 0.010610079575596816,
        "macd_signal": 0.05570291777188329,
        "macd_confidence": 0.0,
        "macd_weighted": 0.07161803713527852,
        "adx_signal": 0.009283819628647215,
        "adx_confidence": 0.17771883289124668,
        "adx_weighted": 0.1259946949602122
      },
      "metrics": {
        "r2_train": 0.7238075782808744,
        "r2_test": 0.6096001820939712,
        "mae_train": 0.079708562700202,
        "mae_test": 0.10596449566433154
      },
      "confidence": 0.7
    }
  }
}