{
  "horizons": [
    "3d",
    "7d",
    "30d"
  ],
  "feature_names": [
    "sma_signal",
    "sma_confidence",
    "sma_weighted",
    "ema_signal",
    "ema_confidence",
    "ema_weighted",
    "wma_signal",
    "wma_confidence",
    "wma_weighted",
    "dema_signal",
    "dema_confidence",
    "dema_weighted",
    "tema_signal",
    "tema_confidence",
    "tema_weighted",
    "macd_signal",
    "macd_confidence",
    "macd_weighted",
    "adx_signal",
    "adx_confidence",
    "adx_weighted"
  ],
  "weights": {
    "3d": {
      "horizon": "3d",
      "weights": {
        "sma_signal": 0.007374631268436578,
        "sma_confidence": 0.06637168141592921,
        "sma_weighted": 0.06637168141592921,
        "ema_signal": 0.004424778761061947,
        "ema_confidence": 0.07817109144542773,
        "ema_weighted": 0.06932153392330384,
        "wma_signal": 0.05309734513274336,
        "wma_confidence": 0.0,
        "wma_weighted": 0.0058997050147492625,
        "dema_signal": 0.02654867256637168,
        "dema_confidence": 0.0,
        "dema_weighted": 0.008849557522123894,
        "tema_signal": 0.11799410029498525,
        "tema_confidence": 0.0,
        "tema_weighted": 0.017699115044247787,
        "macd_signal": 0.030973451327433628,
        "macd_confidence": 0.0,
        "macd_weighted": 0.084070796460177,
        "adx_signal": 0.0058997050147492625,
        "adx_confidence": 0.25073746312684364,
        "adx_weighted": 0.10619469026548672
      },
      "metrics": {
        "r2_train": 0.4729506083906534,
        "r2_test": -0.014330911701431193,
        "mae_train": 0.02530164756857696,
        "mae_test": 0.037994224650689946
      },
      "confidence": 0.18601732604793017
    },
    "7d": {
      "horizon": "7d",
      "weights": {
        "sma_signal": 0.010869565217391304,
        "sma_confidence": 0.07065217391304347,
        "sma_weighted": 0.05434782608695652,
        "ema_signal": 0.02309782608695652,
        "ema_confidence": 0.09239130434782608,
        "ema_weighted": 0.04483695652173913,
        "wma_signal": 0.036684782608695655,
        "wma_confidence": 0.0,
        "wma_weighted": 0.001358695652173913,
        "dema_signal": 0.05434782608695652,
        "dema_confidence": 0.0,
        "dema_weighted": 0.009510869565217392,
        "tema_signal": 0.09375,
        "tema_confidence": 0.0,
        "tema_weighted": 0.016304347826086956,
        "macd_signal": 0.050271739130434784,
        "macd_confidence": 0.0,
        "macd_weighted": 0.09375,
        "adx_signal": 0.04619565217391304,
        "adx_confidence": 0.21467391304347827,
        "adx_weighted": 0.08695652173913043
      },
      "metrics": {
        "r2_train": 0.514884307406837,
        "r2_test": 0.22082243167104854,
        "mae_train": 0.03982467818778586,
        "mae_test": 0.05061865070951269
      },
      "confidence": 0.4572954522109298
    },
    "30d": {
      "horizon": "30d",
      "weights": {
        "sma_signal": 0.014304291287386216,
        "sma_confidence": 0.08972691807542263,
        "sma_weighted": 0.06241872561768531,
        "ema_signal": 0.053315994798439535,
        "ema_confidence": 0.02080624187256177,
        "ema_weighted": 0.055916775032509754,
        "wma_signal": 0.02600780234070221,
        "wma_confidence": 0.0,
        "wma_weighted": 0.002600780234070221,
        "dema_signal": 0.10663198959687907,
        "dema_confidence": 0.0,
        "dema_weighted": 0.016905071521456438,
        "tema_signal": 0.11573472041612484,
        "tema_confidence": 0.0,
        "tema_weighted": 0.016905071521456438,
        "macd_signal": 0.03901170351105332,
        "macd_confidence": 0.0,
        "macd_weighted": 0.054616384915474644,
        "adx_signal": 0.06501950585175553,
        "adx_confidence": 0.15474642392717816,
        "adx_weighted": 0.10533159947984395
      },
      "metrics": {
        "r2_train": 0.6804707063171412,
        "r2_test": 0.5521124792280867,
        "mae_train": 0.09064887398801066,
        "mae_test": 0.11958710049908584
      },
      "confidence": 0.7
    }
  }
}