{
  "horizons": [
    "3d",
    "7d",
    "30d"
  ],
  "feature_names": [
    "sma_signal",
    "sma_confidence",
    "sma_weighted",
    "ema_signal",
    "ema_confidence",
    "ema_weighted",
    "wma_signal",
    "wma_confidence",
    "wma_weighted",
    "dema_signal",
    "dema_confidence",
    "dema_weighted",
    "tema_signal",
    "tema_confidence",
    "tema_weighted",
    "macd_signal",
    "macd_confidence",
    "macd_weighted",
    "adx_signal",
    "adx_confidence",
    "adx_weighted"
  ],
  "weights": {
    "3d": {
      "horizon": "3d",
      "weights": {
        "sma_signal": 0.021248339973439574,
        "sma_confidence": 0.06108897742363878,
        "sma_weighted": 0.0796812749003984,
        "ema_signal": 0.09428950863213811,
        "ema_confidence": 0.08233731739707835,
        "ema_weighted": 0.041168658698539175,
        "wma_signal": 0.03054448871181939,
        "wma_confidence": 0.0,
        "wma_weighted": 0.00796812749003984,
        "dema_signal": 0.04648074369189907,
        "dema_confidence": 0.0,
        "dema_weighted": 0.006640106241699867,
        "tema_signal": 0.13545816733067728,
        "tema_confidence": 0.0,
        "tema_weighted": 0.02257636122177955,
        "macd_signal": 0.02656042496679947,
        "macd_confidence": 0.0,
        "macd_weighted": 0.04648074369189907,
        "adx_signal": 0.02390438247011952,
        "adx_confidence": 0.16733067729083664,
        "adx_weighted": 0.10624169986719788
      },
      "metrics": {
        "r2_train": 0.8738286064655993,
        "r2_test": 0.7315943173901736,
        "mae_train": 0.01223012075810442,
        "mae_test": 0.017668246301255314
      },
      "confidence": 0.946995261096234
    },
    "7d": {
      "horizon": "7d",
      "weights": {
        "sma_signal": 0.027096774193548386,
        "sma_confidence": 0.07096774193548387,
        "sma_weighted": 0.08129032258064516,
        "ema_signal": 0.023225806451612905,
        "ema_confidence": 0.0696774193548387,
        "ema_weighted": 0.0967741935483871,
        "wma_signal": 0.11483870967741935,
        "wma_confidence": 0.0,
        "wma_weighted": 0.01806451612903226,
        "dema_signal": 0.08903225806451613,
        "dema_confidence": 0.0,
        "dema_weighted": 0.016774193548387096,
        "tema_signal": 0.06193548387096774,
        "tema_confidence": 0.0,
        "tema_weighted": 0.014193548387096775,
        "macd_signal": 0.023225806451612905,
        "macd_confidence": 0.0,
        "macd_weighted": 0.0696774193548387,
        "adx_signal": 0.014193548387096775,
        "adx_confidence": 0.12645161290322582,
        "adx_weighted": 0.08258064516129032
      },
      "metrics": {
        "r2_train": 0.8956818630842801,
        "r2_test": 0.8199115064748478,
        "mae_train": 0.017319113511839505,
        "mae_test": 0.026083116708468298
      },
      "confidence": 0.9217506498745951
    },
    "30d": {
      "horizon": "30d",
      "weights": {
        "sma_signal": 0.006345177664974619,
        "sma_confidence": 0.06218274111675127,
        "sma_weighted": 0.1116751269035533,
        "ema_signal": 0.08756345177664974,
        "ema_confidence": 0.02918781725888325,
        "ema_weighted": 0.1065989847715736,
        "wma_signal": 0.06725888324873096,
        "wma_confidence": 0.0,
        "wma_weighted": 0.005076142131979695,
        "dema_signal": 0.07868020304568528,
        "dema_confidence": 0.0,
        "dema_weighted": 0.01903553299492386,
        "tema_signal": 0.03934010152284264,
        "tema_confidence": 0.0,
        "tema_weighted": 0.0038071065989847717,
        "macd_signal": 0.04949238578680203,
        "macd_confidence": 0.0,
        "macd_weighted": 0.05583756345177665,
        "adx_signal": 0.01903553299492386,
        "adx_confidence": 0.19923857868020303,
        "adx_weighted": 0.05964467005076142
      },
      "metrics": {
        "r2_train": 0.9351944666520043,
        "r2_test": 0.8844851401423829,
        "mae_train": 0.04078689004036359,
        "mae_test": 0.05917870121864673
      },
      "confidence": 0.8224638963440598
    }
  }
}