{
  "horizons": [
    "3d",
    "7d",
    "30d"
  ],
  "feature_names": [
    "sma_signal",
    "sma_confidence",
    "sma_weighted",
    "ema_signal",
    "ema_confidence",
    "ema_weighted",
    "wma_signal",
    "wma_confidence",
    "wma_weighted",
    "dema_signal",
    "dema_confidence",
    "dema_weighted",
    "tema_signal",
    "tema_confidence",
    "tema_weighted",
    "macd_signal",
    "macd_confidence",
    "macd_weighted",
    "adx_signal",
    "adx_confidence",
    "adx_weighted"
  ],
  "weights": {
    "3d": {
      "horizon": "3d",
      "weights": {
        "sma_signal": 0.01871657754010695,
        "sma_confidence": 0.08155080213903744,
        "sma_weighted": 0.05481283422459893,
        "ema_signal": 0.01871657754010695,
        "ema_confidence": 0.08689839572192513,
        "ema_weighted": 0.06149732620320856,
        "wma_signal": 0.06684491978609626,
        "wma_confidence": 0.0,
        "wma_weighted": 0.013368983957219251,
        "dema_signal": 0.08021390374331551,
        "dema_confidence": 0.0,
        "dema_weighted": 0.017379679144385027,
        "tema_signal": 0.034759358288770054,
        "tema_confidence": 0.0,
        "tema_weighted": 0.0053475935828877,
        "macd_signal": 0.04411764705882353,
        "macd_confidence": 0.0,
        "macd_weighted": 0.045454545454545456,
        "adx_signal": 0.01871657754010695,
        "adx_confidence": 0.20989304812834225,
        "adx_weighted": 0.14171122994652408
      },
      "metrics": {
        "r2_train": 0.45193854002361133,
        "r2_test": 0.054670778695037114,
        "mae_train": 0.026052895614078083,
        "mae_test": 0.03881885594350351
      },
      "confidence": 0.2600825223425414
    },
    "7d": {
      "horizon": "7d",
      "weights": {
        "sma_signal": 0.015193370165745856,
        "sma_confidence": 0.04005524861878453,
        "sma_weighted": 0.06353591160220995,
        "ema_signal": 0.017955801104972375,
        "ema_confidence": 0.10082872928176796,
        "ema_weighted": 0.05110497237569061,
        "wma_signal": 0.049723756906077346,
        "wma_confidence": 0.0,
        "wma_weighted": 0.0013812154696132596,
        "dema_signal": 0.055248618784530384,
        "dema_confidence": 0.0,
        "dema_weighted": 0.011049723756906077,
        "tema_signal": 0.04558011049723757,
        "tema_confidence": 0.0,
        "tema_weighted": 0.0055248618784530384,
        "macd_signal": 0.055248618784530384,
        "macd_confidence": 0.0,
        "macd_weighted": 0.05939226519337017,
        "adx_signal": 0.08149171270718232,
        "adx_confidence": 0.19889502762430938,
        "adx_weighted": 0.1477900552486188
      },
      "metrics": {
        "r2_train": 0.4959669765138295,
        "r2_test": 0.1845792820953145,
        "mae_train": 0.03980050994501782,
        "mae_test": 0.05378028941441852
      },
      "confidence": 0.3970701266901847
    },
    "30d": {
      "horizon": "30d",
      "weights": {
        "sma_signal": 0.006747638326585695,
        "sma_confidence": 0.02699055330634278,
        "sma_weighted": 0.07017543859649122,
        "ema_signal": 0.03913630229419703,
        "ema_confidence": 0.07557354925775979,
        "ema_weighted": 0.07152496626180836,
        "wma_signal": 0.04588394062078273,
        "wma_confidence": 0.0,
        "wma_weighted": 0.008097165991902834,
        "dema_signal": 0.044534412955465584,
        "dema_confidence": 0.0,
        "dema_weighted": 0.009446693657219974,
        "tema_signal": 0.059379217273954114,
        "tema_confidence": 0.0,
        "tema_weighted": 0.002699055330634278,
        "macd_signal": 0.029689608636977057,
        "macd_confidence": 0.0,
        "macd_weighted": 0.06342780026990553,
        "adx_signal": 0.017543859649122806,
        "adx_confidence": 0.2793522267206478,
        "adx_weighted": 0.14979757085020243
      },
      "metrics": {
        "r2_train": 0.5857699188411928,
        "r2_test": 0.3325030096354681,
        "mae_train": 0.08326457966892062,
        "mae_test": 0.1088223784174619
      },
      "confidence": 0.46550421348965526
    }
  }
}