{
  "indicators": 0.49318463444857497,
  "candlestick": 0.04337050805452292,
  "elliott": 0.3110285006195787,
  "classical": 0.1524163568773234
}