{
  "sma": 0.20557851239669422,
  "ema": 0.16115702479338842,
  "wma": 0.01652892561983471,
  "dema": 0.09090909090909091,
  "tema": 0.06301652892561983,
  "macd": 0.05165289256198347,
  "adx": 0.41115702479338845
}